iter	RMSE
0	0.4244218098
1	0.4219549018
2	0.4193999787
3	0.4168612163
4	0.4142642803
5	0.4116590288
6	0.4091765947
7	0.4066508567
8	0.4042910901
9	0.4019521972
10	0.3994822073
11	0.3972137346
12	0.3949120859
13	0.3927312767
14	0.3906282446
15	0.3882945786
16	0.3860029972
17	0.383818994
18	0.3817332216
19	0.3796277757
20	0.3775470967
21	0.3754137735
